symbol,time,open,high,low,close,volume,value,source_index
VIB,2024-04-19,15.14,15.51,15.11,15.22,8954253,4376.0,30
VIB,2024-04-22,15.25,15.43,15.22,15.29,5871976,-7257.0,30
VIB,2024-04-23,15.29,15.54,15.0,15.14,6479202,-228.0,30
VIB,2024-04-24,15.22,15.58,15.22,15.43,4444940,-65.0,30
VIB,2024-04-25,15.43,15.51,15.18,15.25,3794531,35.0,30
VIB,2024-04-26,15.07,15.36,15.07,15.22,2907977,1680.0,30
VIB,2024-05-02,15.18,15.47,15.14,15.43,3170514,-922.0,30
VIB,2024-05-03,15.51,15.69,15.29,15.29,5628483,-107.0,30
VIB,2024-05-06,15.43,15.69,15.4,15.65,4442038,132.0,30
VIB,2024-05-07,15.76,15.79,15.54,15.65,2610292,740.0,30
VIB,2024-05-08,15.51,15.61,15.4,15.54,4436309,1157.0,30
VIB,2024-05-09,15.58,15.69,15.43,15.58,3080892,-2545.0,30
VIB,2024-05-10,15.58,15.58,15.47,15.54,2715231,313.0,30
VIB,2024-05-13,15.54,15.61,15.36,15.4,3637630,-267.0,30
VIB,2024-05-14,15.58,16.01,15.43,15.69,6940789,5818.0,30
VIB,2024-05-15,15.9,15.9,15.69,15.76,3363024,-833.0,30
VIB,2024-05-16,16.01,16.12,15.94,16.08,9178823,1300.0,30
VIB,2024-05-17,16.08,16.15,16.01,16.08,4330086,-5375.0,30
VIB,2024-05-20,16.3,16.33,16.15,16.23,7441863,5844.0,30
VIB,2024-05-21,16.33,16.33,16.01,16.3,7290110,-4205.0,30
VIB,2024-05-22,16.3,16.41,16.01,16.01,6627255,-1370.0,30
VIB,2024-05-23,15.94,16.05,15.87,16.05,3622505,-750.0,30
VIB,2024-05-24,15.87,16.37,15.72,15.87,14937705,951.0,30
VIB,2024-05-27,15.9,15.97,15.76,15.87,3450945,-1612.0,30
VIB,2024-05-28,16.08,16.08,15.87,16.08,4020869,1620.0,30
VIB,2024-05-29,16.12,16.19,15.79,15.79,5540831,-637.0,30
VIB,2024-05-30,15.76,15.87,15.58,15.87,5834294,652.0,30
VIB,2024-05-31,15.87,15.87,15.69,15.69,3129849,-1761.0,30
VIB,2024-06-03,15.76,16.19,15.76,16.08,4753030,35.0,30
VIB,2024-06-04,16.15,16.23,16.05,16.15,3478074,741.0,30
VIB,2024-06-05,16.23,16.44,16.15,16.15,7854184,-338.0,30
VIB,2024-06-06,16.3,16.3,16.08,16.15,3669837,586.0,30
VIB,2024-06-07,16.3,16.33,16.08,16.15,2832652,-841.0,30
VIB,2024-06-10,16.15,16.26,16.01,16.26,5271956,1502.0,30
VIB,2024-06-11,16.3,16.7,16.3,16.51,8509121,1834.0,30
VIB,2024-06-12,16.48,16.59,16.33,16.55,5258092,-2594.0,30
VIB,2024-06-13,16.59,16.66,16.44,16.51,7717944,3197.0,30
VIB,2024-06-14,16.62,16.62,16.23,16.23,6672607,-3515.0,30
VIB,2024-06-17,16.15,16.23,15.9,15.9,7550062,-98.0,30
VIB,2024-06-18,15.97,16.08,15.9,15.9,3477470,-194.0,30
VIB,2024-06-19,16.05,16.05,15.79,15.87,4361439,1369.0,30
VIB,2024-06-20,15.87,15.94,15.76,15.87,3564164,-1528.0,30
VIB,2024-06-21,15.87,15.87,15.72,15.72,3605388,-269.0,30
VIB,2024-06-24,15.65,15.72,15.36,15.36,7874108,2000.0,30
VIB,2024-06-25,15.51,15.51,15.25,15.36,3239370,-1666.0,30
VIB,2024-06-26,15.4,15.47,15.25,15.33,2588768,83.0,30
VIB,2024-06-27,15.29,15.4,15.22,15.25,3009962,238.0,30
VIB,2024-06-28,15.33,15.33,15.14,15.14,2781853,-602.0,30
VIB,2024-07-01,15.07,15.29,15.07,15.29,2131352,908.0,30
VIB,2024-07-02,15.29,15.51,15.29,15.43,2317948,-543.0,30
VIB,2024-07-03,15.47,15.51,15.36,15.4,2536017,220.0,30
VIB,2024-07-04,15.36,15.51,15.25,15.33,2952073,-388.0,30
VIB,2024-07-05,15.33,15.33,15.14,15.29,2939858,1257.0,30
VIB,2024-07-08,15.29,15.43,15.25,15.36,2199071,-981.0,30
VIB,2024-07-09,15.4,15.51,15.33,15.43,4019428,42.0,30
VIB,2024-07-10,15.47,15.61,15.4,15.4,3294096,-378.0,30
VIB,2024-07-11,15.51,15.54,15.36,15.36,2655848,1013.0,30
VIB,2024-07-12,15.36,15.47,15.33,15.36,1454060,-794.0,30
VIB,2024-07-15,15.4,15.47,15.29,15.36,1466570,-214.0,30
VIB,2024-07-16,15.36,15.61,15.36,15.36,3174712,-88.0,30
VIB,2024-07-17,15.47,16.01,15.43,15.58,8684102,368.0,30
VIB,2024-07-18,15.61,15.76,15.47,15.54,3565621,85.0,30
VIB,2024-07-19,15.54,15.76,15.43,15.47,4830068,596.0,30
VIB,2024-07-22,15.47,15.72,15.33,15.4,5099928,108132.0,30
VIB,2024-07-23,15.47,15.51,15.22,15.22,3949529,-25264.0,30
VIB,2024-07-24,15.22,15.29,15.04,15.14,3428367,-11993.0,30
VIB,2024-07-25,15.14,15.18,15.0,15.0,2791294,-13878.0,30
VIB,2024-07-26,15.07,15.14,15.0,15.07,1464859,-27664.0,30
VIB,2024-07-29,15.14,15.22,15.07,15.07,1869977,8620.0,30
VIB,2024-07-30,15.11,15.11,14.78,14.86,3733022,38052.0,30
VIB,2024-07-31,14.86,15.29,14.82,15.29,5400360,34891.0,30
VIB,2024-08-01,15.36,15.4,14.89,14.93,4221137,-23622.0,30
VIB,2024-08-02,14.86,15.22,14.75,15.22,4312789,734.0,30
VIB,2024-08-05,14.93,15.07,14.57,14.6,6982213,54012.0,30
VIB,2024-08-06,14.82,15.0,14.68,15.0,2712528,-87485.0,30
VIB,2024-08-07,15.07,15.07,14.78,14.89,1517298,-24408.0,30
VIB,2024-08-08,14.82,15.14,14.82,14.89,2589762,22513.0,30
VIB,2024-08-09,15.04,15.07,14.93,15.07,2129647,-9492.0,30
VIB,2024-08-12,15.04,15.07,14.89,15.0,2393086,5282.0,30
VIB,2024-08-13,14.93,15.14,14.82,14.82,4891691,51578.0,30
VIB,2024-08-14,14.89,14.96,14.86,14.86,1547616,-69314.0,30
VIB,2024-08-15,14.89,15.0,14.86,15.0,2118665,11922.0,30
VIB,2024-08-16,14.96,15.29,14.96,15.25,4176673,44202.0,30
VIB,2024-08-19,15.29,15.61,15.29,15.51,4644396,11641.0,30
VIB,2024-08-20,15.51,15.54,15.36,15.43,4035721,-13212.0,30
VIB,2024-08-21,15.43,15.47,15.29,15.4,7069919,64190.0,30
VIB,2024-08-22,15.74,15.78,15.53,15.53,8304242,3115.0,30
VIB,2024-08-23,15.53,15.57,15.44,15.53,4070904,-78944.0,30
VIB,2024-08-26,15.61,15.61,15.48,15.48,3189969,-16146.0,30
VIB,2024-08-27,15.53,15.53,15.44,15.44,3449683,4504.0,30
VIB,2024-08-28,15.44,15.53,15.36,15.44,2303073,-21132.0,30
VIB,2024-08-29,15.48,15.57,15.44,15.44,3747731,26779.0,30
VIB,2024-08-30,15.44,15.53,15.44,15.48,2400585,-24850.0,30
VIB,2024-09-04,15.36,15.4,15.19,15.36,2126139,-5371.0,30
VIB,2024-09-05,15.4,15.53,15.31,15.31,3846850,31678.0,30
VIB,2024-09-06,15.36,15.4,15.27,15.27,2086680,-32429.0,30
VIB,2024-09-09,15.27,15.27,15.06,15.1,2843766,13141.0,30
VIB,2024-09-10,15.19,15.27,15.06,15.1,1432085,-25352.0,30
VIB,2024-09-11,15.1,15.15,15.02,15.06,2199092,13600.0,30
VIB,2024-09-12,15.1,15.31,15.1,15.31,1779119,-7258.0,30
VIB,2024-09-13,15.27,15.31,15.19,15.19,1621991,-2671.0,30
VIB,2024-09-16,15.19,15.27,15.1,15.19,1833981,3653.0,30
VIB,2024-09-17,15.23,15.31,15.1,15.31,1549009,-5087.0,30
VIB,2024-09-18,15.31,15.44,15.27,15.4,2958195,25985.0,30
VIB,2024-09-19,15.44,15.48,15.4,15.44,2097267,-15552.0,30
VIB,2024-09-20,15.53,15.69,15.48,15.57,6349078,79027.0,30
VIB,2024-09-23,15.61,15.74,15.57,15.61,3126407,-59479.0,30
VIB,2024-09-24,15.61,16.12,15.4,16.12,19068331,296375.0,30
VIB,2024-09-25,16.12,16.41,15.99,16.41,15480266,-57155.0,30
VIB,2024-09-26,16.41,16.58,16.24,16.37,19833713,87942.0,30
VIB,2024-09-27,16.41,16.5,16.2,16.33,17257144,-50378.0,30
VIB,2024-09-30,16.33,16.41,16.2,16.28,9583698,-149766.0,30
VIB,2024-10-01,16.33,16.88,16.24,16.71,33163098,464658.0,30
VIB,2024-10-02,16.66,16.66,16.5,16.5,8368605,-485180.0,30
VIB,2024-10-03,16.54,16.83,16.24,16.24,25253120,330861.0,30
VIB,2024-10-04,16.24,16.37,16.16,16.24,10345883,-295835.0,30
VIB,2024-10-07,16.37,16.41,16.2,16.2,6665956,-70854.0,30
VIB,2024-10-08,16.24,16.45,16.2,16.2,10324206,70829.0,30
VIB,2024-10-09,16.24,16.33,16.16,16.2,12386506,38859.0,30
VIB,2024-10-10,16.28,16.41,16.12,16.12,17528293,99713.0,30
VIB,2024-10-11,16.12,16.2,16.03,16.12,6389613,-215964.0,30
VIB,2024-10-14,16.2,16.24,16.03,16.07,7512130,21412.0,30
VIB,2024-10-15,16.07,16.33,16.07,16.2,10965979,67302.0,30
VIB,2024-10-16,16.16,16.24,16.07,16.16,6301587,-90094.0,30
VIB,2024-10-17,16.16,16.37,15.99,16.33,13635716,141304.0,30
VIB,2024-10-18,16.41,16.75,16.37,16.45,29942749,325200.0,30
VIB,2024-10-21,16.37,16.45,16.16,16.2,11025094,-374279.0,30
VIB,2024-10-22,16.2,16.2,15.69,15.82,25448684,269850.0,30
VIB,2024-10-23,15.82,15.95,15.53,15.78,24230102,-33024.0,30
VIB,2024-10-24,15.82,15.95,15.61,15.61,10843430,-247042.0,30
VIB,2024-10-25,15.74,15.78,15.4,15.4,18189139,132983.0,30
VIB,2024-10-28,15.48,15.61,15.36,15.4,14482836,-69839.0,30
VIB,2024-10-29,15.44,15.82,15.44,15.82,28754077,265232.0,30
VIB,2024-10-30,15.95,16.16,15.86,16.03,21739909,-118178.0,30
VIB,2024-10-31,16.03,16.03,15.86,15.99,6466021,-290529.0,30
VIB,2024-11-01,15.95,15.99,15.78,15.91,8281405,33307.0,30
VIB,2024-11-04,15.82,15.82,15.57,15.61,9166305,14451.0,30
VIB,2024-11-05,15.61,15.74,15.57,15.61,4579371,-85140.0,30
VIB,2024-11-06,15.69,15.78,15.65,15.69,6075905,28132.0,30
VIB,2024-11-07,15.78,15.78,15.61,15.61,4893618,-22029.0,30
VIB,2024-11-08,15.69,15.69,15.4,15.44,9537641,84130.0,30
VIB,2024-11-11,15.44,15.53,15.23,15.36,15266384,102391.0,30
VIB,2024-11-12,15.44,15.53,15.31,15.48,8405561,-123852.0,30
VIB,2024-11-13,15.44,15.48,15.31,15.44,6298877,-38716.0,30
VIB,2024-11-14,15.48,15.48,15.27,15.36,8004258,30770.0,30
VIB,2024-11-15,15.27,15.4,15.27,15.31,14091649,110089.0,30
VIB,2024-11-18,15.31,15.48,15.15,15.36,7501202,-119854.0,30
VIB,2024-11-19,15.36,15.44,15.23,15.23,3614092,-70486.0,30
VIB,2024-11-20,15.19,15.4,15.19,15.31,4480699,15791.0,30
VIB,2024-11-21,15.31,15.44,15.27,15.44,3703859,-13945.0,30
VIB,2024-11-22,15.48,15.53,15.36,15.36,4952450,23244.0,30
VIB,2024-11-25,15.4,15.69,15.36,15.61,11235156,116737.0,30
VIB,2024-11-26,15.65,15.78,15.61,15.65,6881256,-79316.0,30
VIB,2024-11-27,15.65,15.74,15.57,15.61,5211352,-31393.0,30
VIB,2024-11-28,15.69,16.03,15.65,15.95,13650678,159532.0,30
VIB,2024-11-29,15.86,16.03,15.82,16.03,8487151,-95459.0,30
VIB,2024-12-02,16.03,16.07,15.91,15.91,5236264,-61569.0,30
VIB,2024-12-03,15.91,16.07,15.78,15.86,9895864,88146.0,30
VIB,2024-12-04,15.86,16.03,15.82,15.91,7112800,-53056.0,30
VIB,2024-12-05,15.86,16.33,15.86,16.33,11426488,84160.0,30
VIB,2024-12-06,16.24,16.37,16.2,16.24,7407589,-75314.0,30
VIB,2024-12-09,16.28,16.33,16.2,16.28,5695615,-33211.0,30
VIB,2024-12-10,16.28,16.33,16.24,16.28,4790906,-17415.0,30
VIB,2024-12-11,16.33,16.37,16.12,16.16,5653007,16230.0,30
VIB,2024-12-12,16.2,16.24,16.12,16.12,5849525,3422.0,30
VIB,2024-12-13,16.12,16.24,16.07,16.24,5250617,-11527.0,30
VIB,2024-12-16,16.24,16.33,16.2,16.28,5090130,-2474.0,30
VIB,2024-12-17,16.33,16.33,16.2,16.2,3379184,-33081.0,30
VIB,2024-12-18,16.2,16.24,16.07,16.16,5670323,43597.0,30
VIB,2024-12-19,16.07,16.12,15.95,15.95,12884859,135982.0,30
VIB,2024-12-20,15.91,16.03,15.91,15.99,3281102,-182632.0,30
VIB,2024-12-23,16.03,16.12,15.95,15.99,3868471,11444.0,30
VIB,2024-12-24,15.99,16.07,15.91,16.07,6087894,41980.0,30
VIB,2024-12-25,16.03,16.54,16.03,16.2,15346256,180302.0,30
VIB,2024-12-26,16.33,16.71,16.28,16.66,21896572,131790.0,30
VIB,2024-12-27,16.71,17.09,16.66,16.92,22879935,28270.0,30
VIB,2024-12-30,16.92,17.0,16.66,16.66,7637323,-304069.0,30
VIB,2024-12-31,16.71,16.75,16.62,16.62,6428528,-24593.0,30
VIB,2025-01-02,16.62,16.83,16.54,16.62,6761631,6121.0,30
VIB,2025-01-03,16.62,16.62,16.16,16.16,7463601,11573.0,30
VIB,2025-01-06,16.16,16.24,16.07,16.16,7988240,8256.0,30
VIB,2025-01-07,16.2,16.41,16.12,16.33,7027496,-17805.0,30
VIB,2025-01-08,16.33,16.45,16.2,16.41,4986468,-38684.0,30
VIB,2025-01-09,16.41,16.5,16.37,16.41,4810913,-2840.0,30
VIB,2025-01-10,16.45,16.54,16.28,16.28,10226074,105406.0,30
VIB,2025-01-13,16.24,16.37,16.16,16.37,5692135,-89545.0,30
VIB,2025-01-14,16.37,16.45,16.28,16.37,3490524,-41882.0,30
VIB,2025-01-15,16.45,16.71,16.37,16.58,6070934,51393.0,30
VIB,2025-01-16,16.71,16.71,16.54,16.62,5918692,-2719.0,30
VIB,2025-01-17,16.66,16.75,16.58,16.75,5077138,-16152.0,30
VIB,2025-01-20,16.75,17.04,16.75,16.96,9731276,94301.0,30
VIB,2025-01-21,17.04,17.09,16.83,16.96,5167833,-90841.0,30
VIB,2025-01-22,17.0,17.0,16.79,16.83,6922757,34565.0,30
VIB,2025-01-23,16.83,17.3,16.83,17.26,11919139,103493.0,30
VIB,2025-01-24,17.3,17.55,17.17,17.42,8974425,-57201.0,30
VIB,2025-02-03,17.26,17.26,16.24,16.96,9833157,14272.0,30
VIB,2025-02-04,17.0,17.3,17.0,17.17,5993816,-76725.0,30
VIB,2025-02-05,17.17,17.26,17.13,17.21,3892693,-42807.0,30
VIB,2025-02-06,17.38,17.55,17.21,17.26,3978459,2392.0,30
VIB,2025-02-07,17.13,17.51,17.09,17.3,6642328,54455.0,30
VIB,2025-02-10,17.17,17.72,17.09,17.3,11662206,104061.0,30
VIB,2025-02-11,17.51,17.63,17.3,17.42,4941748,-138329.0,30
VIB,2025-02-12,17.42,17.47,17.21,17.3,6350323,28418.0,30
VIB,2025-02-13,17.21,17.3,17.17,17.26,6623926,4922.0,30
VIB,2025-02-14,17.42,17.47,17.21,17.26,5234157,-27812.0,30
VIB,2025-02-17,17.21,17.34,17.17,17.17,4424660,-16943.0,30
VIB,2025-02-18,17.21,17.38,17.17,17.21,6059798,33413.0,30
VIB,2025-02-19,17.21,17.51,17.21,17.34,8318073,47352.0,30
VIB,2025-02-20,17.42,17.42,17.34,17.34,6880209,-29633.0,30
VIB,2025-02-21,17.34,17.47,17.3,17.38,7679775,16432.0,30
VIB,2025-02-24,17.38,17.85,17.3,17.55,17458033,205532.0,30
VIB,2025-02-25,17.59,17.72,17.47,17.51,12549590,-101669.0,30
VIB,2025-02-26,17.51,17.55,17.38,17.38,8026437,-95792.0,30
VIB,2025-02-27,17.34,17.42,17.26,17.42,7519672,-11558.0,30
VIB,2025-02-28,17.34,17.63,17.26,17.51,12883358,111381.0,30
VIB,2025-03-03,17.55,17.85,17.55,17.72,18503239,121900.0,30
VIB,2025-03-04,17.63,17.89,17.59,17.8,13956788,-94418.0,30
VIB,2025-03-05,17.93,18.06,17.72,17.72,20979425,150689.0,30
VIB,2025-03-06,17.72,17.72,17.42,17.68,13196533,-169015.0,30
VIB,2025-03-07,17.63,17.89,17.55,17.68,12617193,-10582.0,30
VIB,2025-03-10,17.8,17.89,17.63,17.68,15169146,54411.0,30
VIB,2025-03-11,17.59,17.63,17.47,17.55,8868632,-134533.0,30
VIB,2025-03-12,17.72,17.72,17.3,17.3,12816097,80521.0,30
VIB,2025-03-13,17.3,17.38,17.0,17.13,15743415,55621.0,30
VIB,2025-03-14,17.13,17.21,17.04,17.17,5333290,-212176.0,30
VIB,2025-03-17,17.3,17.51,17.17,17.3,7725691,50145.0,30
VIB,2025-03-18,17.47,17.47,17.17,17.21,4849483,-59006.0,30
VIB,2025-03-19,17.17,17.38,17.13,17.3,9846377,101438.0,30
VIB,2025-03-20,17.42,17.42,17.17,17.21,7557321,-46441.0,30
VIB,2025-03-21,17.26,17.3,17.13,17.13,4427469,-64160.0,30
VIB,2025-03-24,17.13,17.17,16.5,16.83,25182237,412619.0,30
VIB,2025-03-25,16.92,17.17,16.79,16.92,14171074,-218290.0,30
VIB,2025-03-26,17.0,17.04,16.83,16.83,8919009,-105845.0,30
VIB,2025-03-27,16.83,16.96,16.79,16.88,4551955,-87801.0,30
VIB,2025-03-28,16.88,16.88,16.66,16.71,6622660,40717.0,30
VIB,2025-03-31,16.62,16.75,16.54,16.75,5210733,-28809.0,30
VIB,2025-04-01,16.88,16.92,16.75,16.88,5842843,13699.0,30
VIB,2025-04-02,16.96,17.04,16.83,16.83,9673260,78114.0,30
VIB,2025-04-03,16.28,16.5,15.69,15.69,31996857,414857.0,30
VIB,2025-04-04,15.06,15.78,14.68,15.78,21904700,-213288.0,30
VIB,2025-04-08,15.19,15.23,14.68,14.68,10876576,-206047.0,30
VIB,2025-04-09,13.75,15.27,13.75,14.3,12084170,18278.0,30
VIB,2025-04-10,15.27,15.27,15.27,15.27,646526,-196752.0,30
VIB,2025-04-11,15.86,15.86,15.36,15.74,16426995,291839.0,30
VIB,2025-04-14,15.74,15.86,15.65,15.82,5916627,-192994.0,30
VIB,2025-04-15,15.65,15.82,15.48,15.57,7083518,20585.0,30
VIB,2025-04-16,15.57,15.65,15.36,15.36,5117170,-37229.0,30
VIB,2025-04-17,15.36,15.53,15.1,15.19,8919096,67288.0,30
VIB,2025-04-18,15.31,15.57,15.31,15.44,4873076,-71789.0,30
VIB,2025-04-21,15.48,15.61,15.44,15.48,5759192,16479.0,30
VIB,2025-04-22,15.35,15.61,14.56,15.35,6136130,156.0,30
VIB,2025-04-23,15.53,15.61,15.48,15.48,3560955,-43045.0,30
VIB,2025-04-24,15.44,15.61,15.39,15.48,2373943,-21113.0,30
VIB,2025-04-25,15.44,15.48,15.18,15.22,8747752,110328.0,30
VIB,2025-04-28,15.39,15.44,15.22,15.22,2034353,-116772.0,30
VIB,2025-04-29,15.39,15.39,15.22,15.22,1986022,-844.0,30
VIB,2025-05-05,15.39,15.39,15.22,15.39,3037443,18360.82,30
VIB,2025-05-06,15.39,15.48,15.35,15.35,4159705,20098.775,30
VIB,2025-05-07,15.31,15.35,15.22,15.31,2847193,-23465.340000000004,30
VIB,2025-05-08,15.31,15.48,15.18,15.44,5040414,38398.02,30
VIB,2025-05-09,15.39,15.44,15.26,15.39,3022414,-35050.45,30
VIB,2025-05-12,15.39,15.79,15.39,15.79,7470832,80080.93000000001,30
VIB,2025-05-13,15.88,15.88,15.66,15.83,4122798,-58883.0,30
VIB,2025-05-14,15.83,16.14,15.79,16.1,6586726,45208.685,30
VIB,2025-05-15,16.18,16.45,16.05,16.45,9444906,55774.92999999999,30
VIB,2025-05-16,16.27,16.36,15.97,16.05,6051981,-63526.47,30
VIB,2025-05-19,16.05,16.14,15.79,15.79,5943606,-3719.904999999999,30
VIB,2025-05-20,15.79,16.05,15.79,15.97,4494055,-26228.61,30
VIB,2025-05-21,16.14,16.14,15.92,15.97,5512266,19069.92,30
VIB,2025-05-22,15.97,16.1,15.88,15.92,5519900,-61.35999999998603,30
VIB,2025-05-23,15.92,16.05,15.92,15.97,3964383,-28571.90000000001,30
VIB,2025-05-26,16.01,16.05,15.7,16.01,4410964,7913.695000000007,30
VIB,2025-05-27,16.05,16.45,16.05,16.36,12318268,149098.62,30
VIB,2025-05-28,16.36,16.49,16.14,16.18,4097833,-153183.37,30
VIB,2025-05-29,16.23,16.27,16.05,16.05,3604445,-9571.425000000003,30
VIB,2025-05-30,16.01,16.14,15.7,15.7,7604836,70781.94,30
VIB,2025-06-02,15.7,15.88,15.61,15.83,3054965,-82300.0,30
VIB,2025-06-03,15.92,15.97,15.79,15.88,4977410,35200.030000000006,30
VIB,2025-06-04,15.92,15.97,15.83,15.88,4556506,-7570.62000000001,30
VIB,2025-06-05,15.83,15.97,15.79,15.79,3913312,-11822.834999999992,30
VIB,2025-06-06,15.75,15.83,15.66,15.66,3310715,-11301.305,30
VIB,2025-06-09,15.66,15.75,15.61,15.66,2081685,-22138.18,30
VIB,2025-06-10,15.79,15.83,15.66,15.66,2180131,1891.5149999999994,30
VIB,2025-06-11,15.66,15.75,15.57,15.61,2218953,471.6399999999994,30
VIB,2025-06-12,15.75,15.79,15.66,15.79,3505379,23341.305,30
VIB,2025-06-13,15.75,16.01,15.66,15.7,6511978,54270.495,30
VIB,2025-06-16,15.7,16.05,15.7,16.05,6366968,-2110.7750000000087,30
VIB,2025-06-17,16.14,16.14,15.88,15.97,4257531,-37472.48999999999,30
VIB,2025-06-18,16.05,16.1,15.79,15.83,7537966,59308.125,30
VIB,2025-06-19,15.83,15.88,15.75,15.79,4908918,-48456.595,30
VIB,2025-06-20,15.83,16.01,15.75,15.88,5664232,14133.089999999997,30
VIB,2025-06-23,15.79,15.88,15.75,15.79,3761797,-34823.854999999996,30
VIB,2025-06-24,15.88,16.01,15.83,15.92,7120354,61364.30499999999,30
VIB,2025-06-25,15.97,16.14,15.92,15.97,7119442,835.5350000000035,30
VIB,2025-06-26,16.05,16.05,15.83,15.88,2281623,-88637.345,30
VIB,2025-06-27,16.01,16.01,15.83,15.88,2951970,12199.080000000002,30
VIB,2025-06-30,15.92,16.1,15.88,16.05,7145015,76466.7,30
VIB,2025-07-01,16.1,16.14,15.97,16.05,4005219,-56612.884999999995,30
VIB,2025-07-02,16.1,16.1,15.97,16.05,4361408,6380.0350000000035,30
VIB,2025-07-03,16.1,16.32,16.05,16.1,9121161,88493.38499999998,30
VIB,2025-07-04,16.18,16.18,16.05,16.14,4325265,-88695.75999999998,30
VIB,2025-07-07,16.27,16.49,16.18,16.4,10379662,113840.685,30
VIB,2025-07-08,16.54,16.58,16.4,16.49,6772528,-66107.68000000001,30
VIB,2025-07-09,16.58,16.89,16.54,16.8,13812641,135828.58500000002,30
VIB,2025-07-10,16.89,16.89,16.67,16.75,5478975,-158512.6,30
VIB,2025-07-11,16.8,17.06,16.71,16.97,12530474,136637.77,30
VIB,2025-07-14,17.02,17.15,16.71,17.02,7767925,-91041.07999999999,30
VIB,2025-07-15,17.02,17.15,16.97,16.97,15582878,152549.82499999998,30
VIB,2025-07-16,16.97,17.02,16.89,16.93,14335064,-25940.524999999965,30
VIB,2025-07-17,17.15,17.25,17.0,17.05,11979621,-71499.84500000003,30
VIB,2025-07-18,17.05,17.25,17.0,17.1,11834483,-3014.334999999992,30
VIB,2025-07-21,17.2,17.5,17.05,17.35,16033681,74820.58499999999,30
VIB,2025-07-22,17.35,17.45,17.25,17.4,14391908,-27431.079999999987,30
VIB,2025-07-23,17.55,17.85,17.4,17.8,21086713,121785.785,30
VIB,2025-07-24,18.0,18.55,17.95,18.35,25854183,100684.59499999997,30
VIB,2025-07-25,18.45,18.55,18.2,18.4,20592336,-94767.77999999997,30
VIB,2025-07-28,18.5,18.9,18.5,18.85,30409668,190602.64500000002,30
VIB,2025-07-29,19.05,19.55,18.5,18.55,43185774,257658.44999999995,30
VIB,2025-07-30,18.7,19.5,18.65,19.35,34138600,-174023.44999999995,30
VIB,2025-07-31,19.5,19.7,19.25,19.4,21196600,-239738.60000000003,30
VIB,2025-08-01,19.55,19.6,18.4,19.0,30980000,185319.45500000002,30
VIB,2025-08-04,19.0,19.35,18.75,19.35,11488000,-377873.92000000004,30
VIB,2025-08-05,19.55,20.1,18.0,19.3,28673600,345119.93000000005,30
VIB,2025-08-06,19.5,19.6,19.3,19.5,11127400,-347928.2,30
VIB,2025-08-07,19.6,19.6,19.25,19.55,18677500,146979.71500000003,30
VIB,2025-08-08,19.75,20.5,19.75,20.25,26053500,160872.92999999993,30
VIB,2025-08-11,20.45,20.85,20.25,20.3,15128200,-213485.13999999996,30
VIB,2025-08-12,20.5,20.5,19.75,19.9,16544800,20452.469999999972,30
VIB,2025-08-13,20.05,20.1,19.55,19.95,19014200,45630.77000000002,30
VIB,2025-08-14,20.25,20.65,19.95,20.45,23970800,111249.33500000002,30
VIB,2025-08-15,20.65,20.85,20.1,20.35,20235500,-74288.88,30
VIB,2025-08-18,20.5,20.5,20.0,20.1,10069200,-210830.18000000002,30
VIB,2025-08-19,20.1,20.6,20.1,20.5,18158700,167206.91,30
VIB,2025-08-20,20.8,21.9,20.35,21.9,70277500,1159605.5,30
VIB,2025-08-21,23.4,23.4,23.15,23.4,20555600,-1048942.105,30
VIB,2025-08-22,24.5,24.8,22.05,23.6,62489500,989254.975,30
VIB,2025-08-25,23.85,24.3,21.95,21.95,42070300,-523825.645,30
VIB,2025-08-26,22.0,22.75,21.65,22.75,24671600,-399575.04999999993,30
VIB,2025-08-27,22.75,23.3,22.35,22.35,21032900,-69245.26000000007,30
VIB,2025-08-28,22.4,22.45,21.95,22.15,16460200,-112802.21999999997,30
VIB,2025-08-29,22.45,23.0,22.15,22.6,19811100,82915.60499999998,30
VIB,2025-09-03,22.6,22.7,22.1,22.65,12394400,-169803.16999999998,30
VIB,2025-09-04,22.75,23.45,22.75,22.95,18316700,144097.64,30
VIB,2025-09-05,23.2,23.25,22.25,22.25,17327300,-28972.155000000028,30
VIB,2025-09-08,21.9,22.1,21.0,21.0,23175400,105112.60999999999,30
VIB,2025-09-09,20.95,21.15,20.6,21.05,10440300,-280191.20999999996,30
VIB,2025-09-10,21.1,21.2,20.7,20.9,8739800,-35285.975000000006,30
VIB,2025-09-11,20.9,21.05,20.1,21.0,11136500,46482.630000000005,30
VIB,2025-09-12,21.1,21.35,20.9,21.25,8413100,-51044.41,30
VIB,2025-09-15,21.4,21.65,21.1,21.45,11200700,60749.119999999995,30
VIB,2025-09-16,21.55,21.7,21.0,21.05,24492400,281758.165,30
VIB,2025-09-17,21.05,21.2,20.6,20.65,11156500,-288047.69999999995,30
VIB,2025-09-18,20.8,20.85,20.25,20.55,7856600,-71894.095,30
VIB,2025-09-19,20.6,20.6,20.1,20.3,8375000,9392.024999999994,30
VIB,2025-09-22,20.15,20.3,19.5,19.75,16044300,148027.915,30
VIB,2025-09-23,19.9,20.05,19.7,19.85,7486300,-169047.7,30
VIB,2025-09-24,19.85,20.5,19.5,20.5,11269200,76086.16,30
VIB,2025-09-25,20.5,20.65,20.0,20.1,13576600,49721.22,30
VIB,2025-09-26,20.1,20.15,19.75,19.8,7454500,-126035.185,30
VIB,2025-09-29,19.75,19.95,19.65,19.75,7070500,-8880.89499999999,30
VIB,2025-09-30,19.75,20.0,19.6,19.9,9290700,44528.565,30
VIB,2025-10-01,19.9,20.35,19.9,20.1,8350500,-16129.290000000008,30
VIB,2025-10-02,20.15,20.35,19.7,19.7,10580000,43874.29999999999,30
VIB,2025-10-03,19.7,19.85,19.65,19.75,6748900,-78890.54499999998,30
VIB,2025-10-06,20.0,20.6,19.95,20.55,11256400,95383.26000000001,30
VIB,2025-10-07,20.7,20.7,20.15,20.2,8787300,-50085.40000000002,30
VIB,2025-10-08,20.4,20.45,20.05,20.05,10243600,28340.805000000022,30
VIB,2025-10-09,20.05,20.4,20.05,20.4,9640500,-11628.205000000016,30
VIB,2025-10-10,20.5,20.6,20.3,20.35,10320200,15877.660000000003,30
VIB,2025-10-13,20.0,20.3,19.95,20.15,10706900,4077.209999999992,30
VIB,2025-10-14,20.35,20.4,20.0,20.0,13677400,60231.30500000002,30
VIB,2025-10-15,19.9,20.4,19.9,20.25,11054400,-52390.535,30
VIB,2025-10-16,20.25,20.25,20.0,20.0,8456300,-53142.46000000002,30
VIB,2025-10-17,20.0,20.15,19.7,19.7,12630200,81276.79500000001,30
VIB,2025-10-20,19.7,19.8,18.35,18.35,21189400,150224.255,30
VIB,2025-10-21,18.4,18.95,18.2,18.65,14706300,-129334.85999999999,30
VIB,2025-10-22,18.75,18.9,18.4,18.65,6234500,-156148.83500000002,30
VIB,2025-10-23,18.65,18.95,18.5,18.5,4168400,-37956.625,30
VIB,2025-10-24,18.6,18.75,18.3,18.5,6173400,36286.740000000005,30
VIB,2025-10-27,18.7,18.75,18.45,18.45,4156200,-37034.81,30
VIB,2025-10-28,18.45,19.2,18.4,19.2,7382400,60946.729999999996,30
VIB,2025-10-29,19.15,19.35,19.0,19.0,5094800,-40347.149999999994,30
VIB,2025-10-30,19.05,19.25,18.75,18.75,5619500,8797.469999999987,30
VIB,2025-10-31,18.75,18.8,18.55,18.55,4603100,-20764.42,30
VIB,2025-11-03,18.6,18.8,18.35,18.35,4410400,-3962.1949999999924,30
VIB,2025-11-04,18.35,19.1,18.1,18.95,8138900,69214.7,30
VIB,2025-11-05,18.85,18.95,18.7,18.75,2500200,-104092.13500000001,30
VIB,2025-11-06,18.85,18.85,18.55,18.55,2832100,5779.959999999999,30
VIB,2025-11-07,18.5,18.6,18.2,18.3,3709000,15477.395000000004,30
VIB,2025-11-10,18.5,18.5,18.25,18.25,2847900,-16008.440000000002,30
VIB,2025-11-11,18.3,18.5,18.2,18.2,2568700,-5251.485000000001,30
VIB,2025-11-12,18.25,18.65,18.25,18.65,3802300,23121.445000000007,30
VIB,2025-11-13,18.65,18.75,18.55,18.55,2901200,-16057.425000000003,30
VIB,2025-11-14,18.5,18.65,18.45,18.5,2465600,-8319.295000000006,30
VIB,2025-11-17,18.6,18.7,18.4,18.7,4358700,35132.784999999996,30
VIB,2025-11-18,18.75,18.8,18.6,18.7,5488600,21711.405000000013,30
VIB,2025-11-19,18.7,19.1,18.65,18.7,8736500,62169.765,30
VIB,2025-11-20,18.7,18.9,18.65,18.7,6409100,-44561.485,30
VIB,2025-11-21,18.55,18.8,18.45,18.55,3446600,-56164.55,30
VIB,2025-11-24,18.55,18.7,18.5,18.5,3465800,313.9349999999977,30
VIB,2025-11-25,18.5,18.55,18.3,18.3,3125400,-6927.43,30
VIB,2025-11-26,18.3,18.6,18.3,18.45,3263900,2905.5650000000023,30
VIB,2025-11-27,18.6,18.95,18.55,18.65,7202400,74834.65,30
VIB,2025-11-28,18.7,18.8,18.45,18.5,2383800,-90857.585,30
VIB,2025-12-01,18.5,18.55,18.35,18.35,2887300,8892.235,30
VIB,2025-12-02,18.4,18.5,18.25,18.45,3006800,1954.6800000000003,30
VIB,2025-12-03,18.45,18.9,18.45,18.8,9732300,126618.67000000001,30
VIB,2025-12-04,18.85,19.0,18.8,18.9,7043300,-48582.91500000001,30
VIB,2025-12-05,19.0,19.0,18.6,18.65,4212200,-54337.00499999999,30
VIB,2025-12-08,18.6,18.7,18.35,18.35,4454200,3378.9749999999913,30
VIB,2025-12-09,18.4,18.4,18.15,18.15,7271300,50482.524999999994,30
VIB,2025-12-10,18.15,18.35,18.15,18.2,3302800,-72450.56,30
VIB,2025-12-11,18.25,18.35,18.1,18.1,4969000,30294.82,30
VIB,2025-12-12,18.15,18.2,17.3,17.3,9410500,76940.73999999999,30
VIB,2025-12-15,17.5,17.55,17.15,17.15,7099200,-44314.80499999999,30
VIB,2025-12-16,17.35,17.7,17.0,17.55,5297300,-31508.399999999994,30
VIB,2025-12-17,17.65,17.7,17.5,17.6,4091200,-19751.39,30
VIB,2025-12-18,17.6,17.65,17.45,17.5,2812400,-22598.465000000004,30
VIB,2025-12-19,17.6,17.7,17.5,17.6,3079700,4891.415000000001,30
VIB,2025-12-22,17.7,17.95,17.6,17.75,10668800,135213.225,30
VIB,2025-12-23,17.9,18.2,17.7,17.75,6967600,-64669.21500000001,30
VIB,2025-12-24,17.75,18.2,17.6,17.9,6457000,-8950.01999999999,30
VIB,2025-12-25,17.95,18.15,17.8,17.8,4069000,-42829.125,30
VIB,2025-12-26,17.65,17.85,17.2,17.6,8329800,73113.135,30
VIB,2025-12-29,17.6,17.75,17.55,17.6,3557400,-83391.12,30
VIB,2025-12-30,17.6,17.8,17.6,17.7,3401200,-2564.6199999999953,30
VIB,2025-12-31,17.8,17.95,17.7,17.75,6584200,57470.924999999996,30
VIB,2026-01-05,17.75,17.9,17.55,17.7,4191700,-43233.31999999999,30
VIB,2026-01-06,17.65,17.8,17.4,17.75,5413100,21057.265,30
VIB,2026-01-07,17.8,18.15,17.8,18.05,8724700,61343.69999999998,30
VIB,2026-01-08,18.1,18.2,17.9,18.0,12735300,73710.46500000003,30
VIB,2026-01-09,18.1,18.15,17.85,17.95,10177300,-47501.995000000024,30
VIB,2026-01-12,17.95,18.75,17.85,18.55,16079000,111310.715,30
VIB,2026-01-13,18.7,18.75,18.45,18.55,9889600,-110848.35499999998,30
VIB,2026-01-14,18.6,18.65,18.05,18.15,18442000,156803.97999999998,30
VIB,2026-01-15,18.3,18.45,18.2,18.4,6546900,-220455.40999999997,30
VIB,2026-01-16,18.45,18.45,18.15,18.2,8113200,28575.104999999996,30
VIB,2026-01-19,18.2,18.3,18.15,18.15,5557600,-47233.484999999986,30
VIB,2026-01-20,18.25,18.4,18.05,18.05,6538100,17915.079999999987,30
VIB,2026-01-21,18.0,18.05,17.7,17.8,10586400,69691.23500000002,30
VIB,2026-01-22,17.8,18.0,17.8,17.85,4862400,-101707.77500000001,30
VIB,2026-01-23,17.95,17.95,17.75,17.8,4259400,-11107.725000000006,30
VIB,2026-01-26,17.8,17.9,17.35,17.45,6874300,44621.05,30
VIB,2026-01-27,17.45,17.55,17.35,17.4,3499100,-59569.659999999996,30
VIB,2026-01-28,17.4,17.65,17.35,17.45,4773000,22403.370000000003,30
VIB,2026-01-29,17.45,17.6,17.4,17.5,4241000,-9144.395000000004,30
VIB,2026-01-30,17.5,17.8,17.45,17.8,6710600,43851.7,30
VIB,2026-02-02,17.7,17.7,17.4,17.5,5277000,-25718.73999999999,30
VIB,2026-02-03,17.55,17.7,17.35,17.45,6343400,18292.67,30
VIB,2026-02-04,17.45,17.5,17.3,17.4,5060900,-22595.205,30
VIB,2026-02-05,17.45,17.5,17.15,17.15,3831400,-21752.380000000005,30
VIB,2026-02-06,17.1,17.15,16.7,16.7,8313900,74136.085,30
VIB,2026-02-09,16.9,17.0,16.7,16.7,4919800,-57651.01000000001,30
VIB,2026-02-10,16.85,17.0,16.5,16.5,4862900,-1525.1949999999924,30
VIB,2026-02-11,16.7,17.1,16.65,16.95,4861700,932.7249999999913,30
VIB,2026-02-12,17.1,17.15,16.95,17.1,3196300,-27690.144999999997,30
VIB,2026-02-13,17.1,17.4,17.05,17.25,6435200,56377.58000000001,30
VIB,2026-02-23,17.35,17.5,17.3,17.4,3091100,-57130.51000000001,30
VIB,2026-02-24,17.45,17.5,17.25,17.3,5645600,44223.155,30
VIB,2026-02-25,17.4,17.6,17.2,17.4,7253200,28384.64,30
VIB,2026-02-26,17.4,17.6,17.35,17.4,3401000,-67072.315,30
VIB,2026-02-27,17.4,17.45,17.3,17.3,2778500,-11121.730000000003,30
VIB,2026-03-02,16.8,17.1,16.8,16.9,8297600,92796.24,30
VIB,2026-03-03,17.0,17.05,16.7,16.7,6602200,-29628.405,30
VIB,2026-03-04,16.7,16.85,16.45,16.85,6618900,-1164.8399999999965,30
VIB,2026-03-05,17.0,17.05,16.8,16.85,4074200,-41299.91,30
VIB,2026-03-06,16.85,16.9,16.7,16.7,2831000,-21387.385000000002,30
VIB,2026-03-09,15.7,15.9,15.55,15.65,25152500,344670.235,30
VIB,2026-03-10,16.3,16.4,15.95,16.1,9851800,-232832.545,30
VIB,2026-03-11,16.25,17.2,16.2,17.05,11598900,34973.32500000001,30
VIB,2026-03-12,17.0,17.0,16.6,16.65,3945300,-128282.49,30
VIB,2026-03-13,16.65,17.0,16.55,16.9,4482400,9468.029999999999,30
VIB,2026-03-16,16.9,17.0,16.75,17.0,2941300,-25851.82,30
VIB,2026-03-17,17.1,17.25,17.0,17.0,8879700,102603.28,30
VIB,2026-03-18,17.2,17.25,16.85,17.1,4526100,-75168.32500000001,30
VIB,2026-03-19,16.95,17.0,16.6,16.8,6027800,24286.675000000003,30
VIB,2026-03-20,16.75,16.9,16.7,16.8,3343200,-45219.515,30
VIB,2026-03-23,16.65,16.75,16.2,16.3,5663500,36526.3,30
VIB,2026-03-24,16.5,16.9,16.4,16.7,4879400,-11555.339999999997,30
VIB,2026-03-25,16.8,17.25,16.7,17.25,8611500,65282.979999999996,30
VIB,2026-03-26,17.25,17.25,16.9,16.95,3021400,-94998.245,30
VIB,2026-03-27,16.85,17.2,16.85,17.0,6298900,55824.564999999995,30
VIB,2026-03-30,16.8,17.1,16.8,16.9,3507600,-47859.884999999995,30
VIB,2026-03-31,17.05,17.2,16.9,16.95,4166800,11424.404999999999,30
VIB,2026-04-01,17.15,17.4,17.1,17.2,5681800,27130.985,30
VIB,2026-04-02,17.15,17.15,16.85,16.9,4091500,-28587.505000000005,30
VIB,2026-04-03,16.95,17.0,16.65,16.65,4380800,4124.900000000009,30
VIB,2026-04-06,16.65,16.85,16.55,16.65,3636500,-12860.965000000004,30
VIB,2026-04-07,16.7,16.8,16.55,16.7,2726400,-15235.129999999997,30
VIB,2026-04-08,17.05,17.45,16.9,17.35,11248400,147962.04499999998,30
VIB,2026-04-09,17.4,17.4,17.05,17.15,4937800,-108484.18499999998,30
VIB,2026-04-10,17.25,17.55,17.2,17.45,10411800,96939.045,30
VIB,2026-04-13,17.35,18.05,17.3,17.75,17728900,133715.035,30
VIB,2026-04-14,17.85,17.9,17.6,17.6,6829000,-194574.54499999998,30
VIB,2026-04-15,17.75,17.75,17.35,17.35,7675300,13431.835000000006,30
VIB,2026-04-16,17.4,17.4,17.1,17.15,6846200,-16392.455000000016,30
VIB,2026-04-17,17.25,17.45,17.1,17.35,5665400,-20147.62999999999,30
VIB,2026-04-20,17.45,17.5,17.3,17.5,4624000,-17292.395000000004,30
VIB,2026-04-21,17.5,17.55,17.2,17.2,5919100,22316.384999999995,30
VIB,2026-04-22,17.25,17.35,17.15,17.3,4426300,-26479.11499999999,30
